{
        "version": 2,
        "settings": {
                "color": {
                        "palette": [
                            {
                                "slug": "foreground",
                                "color": "#2C565B",
                                "name": "Foreground"
                            },
                            {
                                "slug": "background",
                                "color": "#DDE1E3",
                                "name": "Background"
                            },
                            {
                                "slug": "primary",
                                "color": "#5AA3B3",
                                "name": "Primary"
                            },
                            {
                                "slug": "secondary",
                                "color": "#B0D9D5",
                                "name": "Secondary"
                            },
                            {
                                "slug": "tertiary",
                                "color": "#FADBAA",
                                "name": "Tertiary"
                            }
                        ]
                }
        }
}
