{
        "version": 2,
        "settings": {
                "color": {
                        "palette": [
                            {
                                "slug": "foreground",
                                "color": "#271E1C",
                                "name": "Foreground"
                            },
                            {
                                "slug": "background",
                                "color": "#DBD3CF",
                                "name": "Background"
                            },
                            {
                                "slug": "primary",
                                "color": "#686AAB",
                                "name": "Primary"
                            },
                            {
                                "slug": "secondary",
                                "color": "#CCB881",
                                "name": "Secondary"
                            },
                            {
                                "slug": "tertiary",
                                "color": "#E2C1BF",
                                "name": "Tertiary"
                            }
                        ]
                }
        }
}
