{
		"version": 2,
		"settings": {
				"color": {
						"palette": [
							{
								"slug": "foreground",
								"color": "#180002",
								"name": "Foreground"
							},
							{
								"slug": "background",
								"color": "#ffffff",
								"name": "Background"
							},
							{
								"slug": "primary",
								"color": "#280003",
								"name": "Primary"
							},
							{
								"slug": "secondary",
								"color": "#C2847A",
								"name": "Secondary"
							},
							{
								"slug": "tertiary",
								"color": "#848586",
								"name": "Tertiary"
							}
						]
				}
		}
}
